-- ProspectFlow CRM seed data generated from pt_prospect_expanded_verified_contacts_2026.xlsx

insert into profiles (id, full_name, email, username, role) values
  ('sales-1', 'Admin', 'admin@prospectflow.app', 'admin', 'Admin'),
  ('sales-2', 'Budi Santoso', 'budi@prospectflow.app', 'budi.s', 'Sales'),
  ('sales-3', 'Citra Mulia', 'citra@prospectflow.app', 'citra.m', 'Sales'),
  ('sales-4', 'Dimas Pratama', 'dimas@prospectflow.app', 'dimas.p', 'Sales')
  on conflict (id) do nothing;

insert into prospects (id, company_name, industry, city, website, email, phone, contact_person, source, priority, active_confidence, active_evidence, website_audit_signal, offer_angle, assigned_to, status, first_channel, last_contacted_at, next_follow_up_at, notes, created_at, updated_at) values
  ('prospect-1', 'PT Adimitra Karunia', 'Import, Export & Trading', 'Surabaya', 'https://adimitrakarunia.co.id/contact.html', 'marketing@adimitrakarunia.co.id, adikarunia121601@gmail.com', '031-3282356 / Fax 031-3282361', null, 'https://adimitrakarunia.co.id/contact.html', 'A', 'High', 'Official site reachable; contact page lists office, phone, emails, import/export services.', 'Copyright 2015, old layout, Yahoo Messenger element, weak mobile/CTA.', 'Modern B2B import-export company profile + WhatsApp CTA + service pages.', 'sales-2', 'New', 'Email', '2026-07-03T00:00:00.000Z', '2026-07-01T00:00:00.000Z', 'Strong demo candidate; previous mockup already started.', '2026-07-03T00:00:00.000Z', '2026-07-03T00:00:00.000Z'),
  ('prospect-2', 'Pilar Ekatama', 'HVAC / AC contractor / pre-insulated duct', 'Surabaya', 'https://pilarekatama.com/contact/', 'marketting@pilarekatama.com, wiyantowidjaja@yahoo.co.id, wiyantowidjaja@gmail.com', '+62 31 5058096 / +62 31 5019962', null, 'https://pilarekatama.com/contact/', 'A', 'High', 'Official site reachable; contact page lists HQ, phone, working hours, email.', 'Copyright 2016-2020, typo ''marketting'', visitor counter, outdated footer elements.', 'Redesign contractor profile, project gallery, lead CTA, service landing pages.', 'sales-3', 'New', 'Email', null, null, 'Good because projects/portfolio angle is easy to demonstrate.', '2026-07-03T00:00:00.000Z', '2026-07-03T00:00:00.000Z'),
  ('prospect-3', 'PT Ayagi Multitech Indonesia', 'Industrial safety equipment / distributor', 'Banten; serves Java/Indonesia', 'https://www.ayagi.co.id/p/marketing.html', 'sales@ayagi.co.id', '+62 859-4679-4161', null, 'https://www.ayagi.co.id/p/marketing.html', 'A', 'High', 'Official Blogger site reachable; contact page lists sales email and phone; archive up to 2024.', 'Powered by Blogger, archive-heavy layout, many SEO-stuffed product posts, weak B2B credibility.', 'Turn long blog/catalog into clean industrial supplier landing page + product category pages.', 'sales-4', 'New', 'Email', null, null, 'Good for UI-only lead-gen kit case study.', '2026-07-03T00:00:00.000Z', '2026-07-03T00:00:00.000Z'),
  ('prospect-4', 'PT Aneka Pratama Plastindo', 'Plastic manufacturing / packaging', 'Balongbendo, Sidoarjo', 'https://ptapp.co.id/contact/', 'info@ptapp.co.id', '031-8982114', null, 'https://ptapp.co.id/contact/', 'A', 'High', 'Official contact page reachable; lists address, phone, email, Google Maps embed.', 'Basic WordPress/contact page; likely can improve trust, CTA, and product presentation.', 'Modern manufacturing profile + product/spec section + inquiry CTA.', 'sales-2', 'New', 'Email', null, '2026-07-04T00:00:00.000Z', 'Manufacturing niche; good B2B target.', '2026-07-03T00:00:00.000Z', '2026-07-03T00:00:00.000Z'),
  ('prospect-5', 'PT Umbra Prasia', 'Glassware manufacturing', 'Gedangan, Sidoarjo', 'https://umbraprasia.com/contact/', 'inquiry@umbraprasia.com, soetanto.andre@umbraprasia.com, gregorios.raymond@umbraprasia.com', '+62 31 8910641', null, 'https://umbraprasia.com/contact/', 'A', 'High', 'Official contact page reachable; lists phone, email, domestic and international market contacts; copyright 2024.', 'Older WordPress-style structure; contact is good but landing/lead-gen can be stronger.', 'Export-ready manufacturing landing page + market segmentation + inquiry funnels.', 'sales-3', 'New', 'Email', null, null, 'Good because domestic/international contacts are explicit.', '2026-07-03T00:00:00.000Z', '2026-07-03T00:00:00.000Z'),
  ('prospect-6', 'PT Panca Indah Jayamahe', 'Workshop / manufacturing / engineering', 'Surabaya & Gedangan, Sidoarjo', 'https://ptpij.com/contact-us/', 'marketing@ptpij.com, pancaindahjayamahe.pt@gmail.com', '+62 31 8291317 / +62 81331160700', null, 'https://ptpij.com/contact-us/', 'A', 'High', 'Official contact page reachable; lists head office, workshop, phone, and emails.', 'Contact text spacing issue ''marketing @''; page can be more structured; CTA can be sharper.', 'Industrial workshop profile + service inquiry CTA + project showcase.', 'sales-4', 'New', 'Email', '2026-06-28T00:00:00.000Z', null, 'Good outreach fit because phone/WA is available.', '2026-07-03T00:00:00.000Z', '2026-07-03T00:00:00.000Z'),
  ('prospect-7', 'PT Karunia Pratama Distribusi', 'Distribution / supplier', 'Gedangan, Sidoarjo', 'https://www.karuniapratamadistribusi.com/?page_id=18', 'pratamadistribusikarunia@gmail.com', '031-99038281 / 085731222388 / 081233338554', null, 'https://www.karuniapratamadistribusi.com/?page_id=18', 'A', 'High', 'Official contact page reachable; lists office, HP/WA, email and working hours.', 'Likely basic WordPress company site; opportunity for clearer product catalog and CTA.', 'Distributor profile + product categories + WhatsApp quick order.', 'sales-2', 'New', 'WhatsApp', null, '2026-07-02T00:00:00.000Z', 'Good because WA numbers public.', '2026-07-03T00:00:00.000Z', '2026-07-03T00:00:00.000Z'),
  ('prospect-8', 'PT Matracons Kreasindo Abadi', 'Interior contractor / custom furniture', 'Waru, Sidoarjo', 'https://www.matraconskreasindo.com/contact', 'info@matraconskreasindo.com', '031-8544926 / 031-8544931 / 0811376747 / 08155017567', null, 'https://www.matraconskreasindo.com/contact', 'A', 'High', 'Official contact page reachable; lists office hours, phone, HP/WA, email; states 10+ years experience.', 'Contact page has raw shortcode-like text; UI can be cleaned and project gallery improved.', 'Interior contractor portfolio redesign + before-after project case studies.', 'sales-3', 'New', 'Email', null, null, 'High visual demo potential.', '2026-07-03T00:00:00.000Z', '2026-07-03T00:00:00.000Z'),
  ('prospect-9', 'PT RTech Java Engineering', 'Construction / engineering', 'Buduran, Sidoarjo', 'https://rtech-java.co.id/contact/', 'rtech.javaengineering@gmail.com', '031-99716075 / 0813-3400-2727', null, 'https://rtech-java.co.id/contact/', 'A', 'High', 'Official contact page reachable; lists office, phone, mobile, email; footer copyright 2026.', 'Generic construction theme; possible mismatch footer text ''Bosa Construction Industrial''.', 'Trust cleanup + engineering profile + project/service lead capture.', 'sales-4', 'New', 'Email', null, null, 'Footer mismatch is a clear audit point.', '2026-07-03T00:00:00.000Z', '2026-07-03T00:00:00.000Z'),
  ('prospect-10', 'PT Dimas Indah Pratama', 'Contractor / construction services', 'Indonesia', 'https://www.ptdimas.co.id/p/no-nama-perusahaan-1-pg-rajawali-ii.html', 'pt.dimas@gmail.com', null, null, 'https://www.ptdimas.co.id/p/no-nama-perusahaan-1-pg-rajawali-ii.html', 'A', 'Medium', 'Blogger site reachable; has client/project list and email.', 'Powered by Blogger, old copyright 2011, list-based client page.', 'Convert old Blogger profile into professional contractor portfolio.', 'sales-2', 'New', 'Email', null, '2026-07-05T00:00:00.000Z', 'Need phone manual search before WA.', '2026-07-03T00:00:00.000Z', '2026-07-03T00:00:00.000Z'),
  ('prospect-11', 'PT Arrow Asia Indonesia', 'Marine supplier / Fuchs lubricant distributor', 'Surabaya / Indonesia', 'https://www.arrowasiaindonesia.com/about-us/', 'marine_supplies@arrowasiamarine.com, Fuchs.distributor@arrowasiagroup.com', '0819-9029-0375', null, 'https://www.arrowasiaindonesia.com/about-us/', 'A', 'High', 'Official site page updated recently; lists marine/Fuchs enquiry emails and WhatsApp.', 'Proudly powered by WordPress; ecommerce-looking theme may not fit premium B2B marine supplier.', 'Premium marine supplier landing + product inquiry flow.', 'sales-3', 'New', 'Email', '2026-07-03T00:00:00.000Z', null, 'Good niche: marine + distributor.', '2026-07-03T00:00:00.000Z', '2026-07-03T00:00:00.000Z'),
  ('prospect-12', 'PT Semen Indonesia Logistik', 'Logistics / cement logistics', 'Gresik', 'https://www.silog.co.id/contact-us/', 'contact@silog.co.id', '+62 31 3981463', null, 'https://www.silog.co.id/contact-us/', 'B', 'High', 'Official site reachable; contact page dated Apr 2026; includes address, phone, email.', 'Already credible; only minor UX/CTA opportunity.', 'UX audit / landing conversion, not full redesign.', 'sales-4', 'New', 'Email', null, null, 'Big company; lower chance but active.', '2026-07-03T00:00:00.000Z', '2026-07-03T00:00:00.000Z'),
  ('prospect-13', 'PT Sidomulyo Selaras Tbk', 'Logistics / transport', 'Jakarta; branches Mojokerto/Gresik', 'https://www.sidomulyo.com/contact-us/', 'enquiry@sidomulyo.com', '+62 21 4266002 / Gresik +62 31 3988270 / Mojokerto +62 321 362677', null, 'https://www.sidomulyo.com/contact-us/', 'B', 'High', 'Official contact page reachable; lists multiple branch addresses/phones and email.', 'Copyright 2016; page is functional but dated.', 'Modern multi-branch logistics website UX + inquiry routing.', 'sales-2', 'New', 'Email', null, '2026-07-03T00:00:00.000Z', 'Public company; consider formal email only.', '2026-07-03T00:00:00.000Z', '2026-07-03T00:00:00.000Z'),
  ('prospect-14', 'PT Unitech Mega Indonesia', 'Industrial manufacturing / engineering', 'KIG, Gresik', 'https://unitech-mi.com/Other_Pages/Contact.html', 'marketing@unitech-mi.com', '031-3990100', null, 'https://unitech-mi.com/Other_Pages/Contact.html', 'A', 'High', 'Official contact page reachable; lists industrial address, phone, fax, marketing email.', 'Very old static page path and layout style.', 'Industrial company profile modernization + product/service inquiry.', 'sales-3', 'New', 'Email', null, null, 'Strong outdated-static signal.', '2026-07-03T00:00:00.000Z', '2026-07-03T00:00:00.000Z'),
  ('prospect-15', 'PT Promarine Indonesia', 'Offshore marine service / shipping logistics / industrial equipment', 'Waru, Sidoarjo', 'https://www.promarineindonesia.com/contact-us/', 'putut@promarineindonesia.com, gengki@promarineindonesia.com', null, null, 'https://www.promarineindonesia.com/contact-us/', 'A', 'High', 'Official contact page reachable; lists Sidoarjo address and direct emails.', 'Contact page is basic; service categories could be turned into high-trust landing pages.', 'Offshore/marine service company profile + service pages + contact funnel.', 'sales-4', 'New', 'Email', null, null, 'Need phone manual check if outreach by WA.', '2026-07-03T00:00:00.000Z', '2026-07-03T00:00:00.000Z'),
  ('prospect-16', 'PT Geluran Adikarya', 'Workshop / engineering / fabrication', 'Taman, Sidoarjo', 'https://geluran.co.id/', 'info@geluran.co.id', '+62 31 7860808 / +62 31 52601717', null, 'https://geluran.co.id/', 'A', 'High', 'Official site reachable; lists head office/workshop, phones, fax, email.', 'Powered by WordPress/Elegant Themes; company profile can look more modern.', 'Workshop/fabrication profile + project gallery and lead form.', 'sales-2', 'New', 'Email', '2026-06-28T00:00:00.000Z', '2026-07-01T00:00:00.000Z', 'Good B2B prospect.', '2026-07-03T00:00:00.000Z', '2026-07-03T00:00:00.000Z'),
  ('prospect-17', 'PT UME Persada Indonesia', 'Engineering / industrial services', 'Gresik', 'https://www.umepersada.com/contact_us', null, '+62 31 3976060', null, 'https://www.umepersada.com/contact_us', 'B', 'High', 'Official contact page reachable; lists Gresik location and phone.', 'Contact data visible but limited; can improve conversion and inquiry clarity.', 'Service profile + contact funnel.', 'sales-3', 'New', 'Phone', null, null, 'Need email manual check.', '2026-07-03T00:00:00.000Z', '2026-07-03T00:00:00.000Z'),
  ('prospect-18', 'PT Interglobal Electric Parts', 'Electrical parts / manufacturing', 'Gresik', 'https://www.interglobal.co.id/contact-us/', 'admin@interglobal.co.id', '031-3984373 / 031-3984383', null, 'https://www.interglobal.co.id/contact-us/', 'A', 'High', 'Official contact page reachable; lists address, phone, fax, email, website.', 'Basic contact page; B2B product positioning could be improved.', 'Industrial component company profile + product inquiry CTA.', 'sales-4', 'New', 'Email', null, null, 'Good industrial target.', '2026-07-03T00:00:00.000Z', '2026-07-03T00:00:00.000Z'),
  ('prospect-19', 'PT Intan Ustrix', 'Industrial / manufacturing', 'Roomo Manyar, Gresik', 'https://intanustrix.com/Contact', 'info@intanustrix.co.id', '031-3951910 / 031-3951906', null, 'https://intanustrix.com/Contact', 'A', 'Medium', 'Contact page reachable and lists address, phone/fax, email in search result.', 'Search result shows contact block incomplete/odd; powered/old layout signal.', 'Clean corporate profile + contact trust section.', 'sales-2', 'New', 'Email', null, '2026-07-04T00:00:00.000Z', 'Need verify full site visually before pitch.', '2026-07-03T00:00:00.000Z', '2026-07-03T00:00:00.000Z'),
  ('prospect-20', 'PT Berkah Utama Alloy', 'Manufacturing / alloy / supplier', 'Gedangan, Sidoarjo', 'https://berkahutama.com/contact/', 'info@berkahutama.com', '+62 811-352-8128 / +62 31 8913500', null, 'https://berkahutama.com/contact/', 'A', 'High', 'Official contact page reachable; lists facility address, WA/phone, email.', 'Already has contact page but can improve product showcase and lead-gen flow.', 'Supplier/manufacturing landing + product catalog UI.', 'sales-3', 'New', 'Email', null, null, 'Good because WA public.', '2026-07-03T00:00:00.000Z', '2026-07-03T00:00:00.000Z'),
  ('prospect-21', 'PT Kawasan Industri Gresik', 'Industrial estate / property / warehouse', 'Gresik & Tuban', 'https://kig.co.id/en/contact-us/', 'marketing@kig.co.id', '+62 31 3984707 / +62 31 3984271 / WA Bayu +62 8113525550 / WA Tiara +62 82143585322', null, 'https://kig.co.id/en/contact-us/', 'B', 'High', 'Official contact page reachable; lists marketing contacts and office phone; active site.', 'Already corporate; opportunity is landing/conversion and interactive property pages.', 'Interactive industrial estate brochure / inquiry UX.', 'sales-4', 'New', 'Email', '2026-07-03T00:00:00.000Z', null, 'B2B budget likely, but decision cycle bigger.', '2026-07-03T00:00:00.000Z', '2026-07-03T00:00:00.000Z'),
  ('prospect-22', 'PT Rollent Indonesia', 'Industrial components / manufacturing', 'KIG, Gresik', 'https://www.rollent.co.id/contact.html', 'rollent@rollent.co.id, marketing@rollent.co.id', '031-3990700', null, 'https://www.rollent.co.id/contact.html', 'A', 'High', 'Official contact page reachable; lists address, phone, fax and sales emails.', 'Old static .html page; image-heavy navigation.', 'Static-to-modern industrial profile redesign.', 'sales-2', 'New', 'Email', null, '2026-07-02T00:00:00.000Z', 'Strong outdated static signal.', '2026-07-03T00:00:00.000Z', '2026-07-03T00:00:00.000Z'),
  ('prospect-23', 'PT Langgeng Jaya Plastindo / Fiberindo', 'Plastics / fiber manufacturing', 'Gresik & Tangerang', 'https://langgengjayagroup.co.id/contact', 'marketingx@langgengjayagroup.co.id', '+62 81252036568', null, 'https://langgengjayagroup.co.id/contact', 'A', 'High', 'Official contact page reachable; lists factories, email, phone/WhatsApp.', 'Contact is clear; opportunity in factory/product page and B2B lead form.', 'Manufacturing group profile + product/factory sections.', 'sales-3', 'New', 'Email', null, null, 'Good because WA public.', '2026-07-03T00:00:00.000Z', '2026-07-03T00:00:00.000Z'),
  ('prospect-24', 'PT Indospring Tbk', 'Automotive parts manufacturing', 'Gresik', 'https://indospring.co.id/contact-us', 'busdev@indospring.co.id, human_capital@indospring.co.id', '+62 31 3981135 / +62 31 3981136 / +62 31 3982483 / +62 31 3983054', null, 'https://indospring.co.id/contact-us', 'B', 'High', 'Official contact page reachable; lists plants, phone, sales and recruitment emails.', 'Already established; only useful for specialized UX audit.', 'Product catalog/lead-gen UX audit.', 'sales-4', 'New', 'Email', null, null, 'Large public company; lower priority for cold redesign.', '2026-07-03T00:00:00.000Z', '2026-07-03T00:00:00.000Z'),
  ('prospect-25', 'PT Surabaya Isolasitama', 'Industrial insulation / supplier', 'Surabaya', 'https://www.sbyisolasitama.co.id/contact-us/', 'info@sbyisolasitama.co.id', '031-8499888 / 0822-5888-7105', null, 'https://www.sbyisolasitama.co.id/contact-us/', 'A', 'High', 'Official contact page reachable; lists email, phone, WhatsApp and working hours.', 'Modern-ish but can improve product catalog and B2B inquiry UX.', 'Supplier profile + product category pages + WhatsApp funnel.', 'sales-2', 'New', 'Email', null, '2026-07-05T00:00:00.000Z', 'Good because contact/WA available.', '2026-07-03T00:00:00.000Z', '2026-07-03T00:00:00.000Z'),
  ('prospect-26', 'PT Bhinneka Bajanas', 'Steel / metal supplier', 'Surabaya', 'https://id.bhinnekabajanas.com/contact-us', 'surabaya@bhinnekabajanas.com', '031-8714300 / 031-8714266 / 031-8714277 / 031-8714288 / WA 0812-8388-4700', null, 'https://id.bhinnekabajanas.com/contact-us', 'A', 'High', 'Official contact page reachable; lists Surabaya office phone, WhatsApp, email.', 'Large site; opportunity is branch-specific landing and lead capture.', 'Surabaya steel supplier landing + inquiry CTA.', 'sales-3', 'New', 'Email', '2026-06-28T00:00:00.000Z', null, 'Contact data strong.', '2026-07-03T00:00:00.000Z', '2026-07-03T00:00:00.000Z'),
  ('prospect-27', 'PT Hexa Multi Energi', 'Energy / industrial supply', 'Surabaya', 'https://hexamultienergi.com/contact-us/', 'info@hexamultienergi.com', '+62 31 7437168 / WA +62 89637737431', null, 'https://hexamultienergi.com/contact-us/', 'A', 'High', 'Official contact page reachable; lists email, phone, WhatsApp.', 'Can improve service positioning and trust sections.', 'Energy/industrial supplier landing page + CTA.', 'sales-4', 'New', 'Email', null, null, 'Good B2B fit.', '2026-07-03T00:00:00.000Z', '2026-07-03T00:00:00.000Z'),
  ('prospect-28', 'PT Pelayaran Samasagung Tunggal Perkasa / Samasline', 'Shipping / logistics', 'Surabaya', 'https://www.samasline.com/contact', 'cs.sby@samasline.com', '031-3291985 / WA 0823-4060-0900', null, 'https://www.samasline.com/contact', 'A', 'High', 'Official contact page reachable; lists head office, phone, WA, fax, email, branch offices.', 'Copyright 2020; site is functional but could be more conversion-oriented.', 'Shipping company profile + route/fleet inquiry UX.', 'sales-2', 'New', 'Email', null, '2026-07-03T00:00:00.000Z', 'B2B logistics niche; good.', '2026-07-03T00:00:00.000Z', '2026-07-03T00:00:00.000Z'),
  ('prospect-29', 'PT Laju Brata Surabaya', 'Industrial equipment / supplier', 'Surabaya', 'https://lajubrata.co.id/contact-us/', 'lajubrata@gmail.com', '+62 31 5016366 / +62 31 5016411 / +62 31 5016488', null, 'https://lajubrata.co.id/contact-us/', 'A', 'High', 'Official contact page reachable; lists address, email, multiple phone numbers.', 'Basic WordPress/company site; product pages and CTA can be modernized.', 'Industrial supplier profile + product lead form.', 'sales-3', 'New', 'Email', null, null, 'Gmail contact; pitch softly.', '2026-07-03T00:00:00.000Z', '2026-07-03T00:00:00.000Z'),
  ('prospect-30', 'PT Berdikari Lestari Electric Surabaya', 'Electrical automation / industrial supplier', 'Surabaya', 'https://berdikariautomation.com/contact/', 'Sales.bles@lestarielectric.co.id, servicesuport@berdikariautomation.com', '+62 811-3391-990 / +62 813-1054-9500 / 031-5953809 / 031-5951301', null, 'https://berdikariautomation.com/contact/', 'A', 'High', 'Official contact page reachable; lists main office, emails, phone/WA, branch info.', 'Multiple brands and emails; opportunity to clarify brand/trust and product catalog.', 'Automation supplier UX cleanup + catalog + lead CTA.', 'sales-4', 'New', 'Email', null, null, 'Strong contact info.', '2026-07-03T00:00:00.000Z', '2026-07-03T00:00:00.000Z'),
  ('prospect-31', 'PT Syaharani', 'Orthopedic medical distributor', 'Surabaya', 'https://ptsyaharani.com/contact-us/', 'sales@ptsyaharani.com', '+62 812-1702-4139', null, 'https://ptsyaharani.com/contact-us/', 'A', 'High', 'Official contact page reachable; published 2023; lists email, WhatsApp, phone and head office.', 'Medical distributor can benefit from more trust, product categories and inquiry UX.', 'Medical distributor landing + product catalog trust redesign.', 'sales-2', 'New', 'Email', '2026-07-03T00:00:00.000Z', '2026-07-01T00:00:00.000Z', 'Good but medical procurement may be formal.', '2026-07-03T00:00:00.000Z', '2026-07-03T00:00:00.000Z'),
  ('prospect-32', 'PT Sumbermitra Agungjaya / Summit', 'Diagnostic / medical distributor', 'Surabaya', 'https://summit.co.id/surabaya/', 'hery.fitriyanto@summit.co.id', '62-31-5946942', null, 'https://summit.co.id/surabaya/', 'B', 'High', 'Official branch page dated Jun 2025; lists Surabaya address, phone, email; company established 1994.', 'Branch page can be optimized for lead conversion.', 'Branch landing optimization / inquiry UX.', 'sales-3', 'New', 'Email', null, null, 'More formal B2B.', '2026-07-03T00:00:00.000Z', '2026-07-03T00:00:00.000Z'),
  ('prospect-33', 'PT Bambang Djaja', 'Transformers manufacturing', 'Surabaya', 'https://bambangdjaja.com/contact/', 'sales@bambangdjaja.com, service@bambangdjaja.com', '+62 31 8438703 / WA +62 895403214100', null, 'https://bambangdjaja.com/contact/', 'B', 'High', 'Official contact page reachable; lists sales/service emails, phone, WA, head office/factory.', 'Already credible; can improve conversion and product inquiry.', 'Sales inquiry UX audit / product section enhancements.', 'sales-4', 'New', 'Email', null, null, 'Large brand; use audit-first not salesy pitch.', '2026-07-03T00:00:00.000Z', '2026-07-03T00:00:00.000Z'),
  ('prospect-34', 'PT Dowa Eco System Indonesia', 'Hazardous waste / environmental services', 'Surabaya / Lamongan', 'https://desi.co.id/contact/', 'info@desi.co.id', '+62 322 6601100', null, 'https://desi.co.id/contact/', 'B', 'High', 'Official contact page reachable; lists phone, email, Surabaya office and Lamongan site.', 'Corporate site; opportunity around service landing and inquiry conversion.', 'B3 waste service landing + compliance trust sections.', 'sales-2', 'New', 'Email', null, '2026-07-04T00:00:00.000Z', 'Sensitive/high compliance; formal only.', '2026-07-03T00:00:00.000Z', '2026-07-03T00:00:00.000Z'),
  ('prospect-35', 'PT Siwali Swantika', 'Industrial equipment / engineering supplier', 'Surabaya & Jakarta', 'https://siwali.com/contact-us/', 'sby@siwali.com, siwali@cbn.net.id', '08111519948 / +62 21 45850618', null, 'https://siwali.com/contact-us/', 'A', 'High', 'Official contact page dated Mar 2026; lists WhatsApp, email, working hours and branch details.', 'Good contact; opportunity for branch-specific lead-gen and product clarity.', 'Industrial supplier landing + branch CTA.', 'sales-3', 'New', 'Email', null, null, 'Active signal strong.', '2026-07-03T00:00:00.000Z', '2026-07-03T00:00:00.000Z'),
  ('prospect-36', 'PT Pelayaran Nasional Ekalya Purnamasari Tbk (ELPI)', 'Marine shipping', 'Surabaya', 'https://www.elpi.co.id/contact-us', 'info@elpi.co.id', '+62 31 5680121', null, 'https://www.elpi.co.id/contact-us', 'B', 'High', 'Official contact page reachable; lists address, email, phone; public Tbk shipping company.', 'Already corporate; pitch only UX/landing improvement.', 'Marine service lead-gen UX / investor-site clarity.', 'sales-4', 'New', 'Email', '2026-06-28T00:00:00.000Z', null, 'Large public company; lower chance.', '2026-07-03T00:00:00.000Z', '2026-07-03T00:00:00.000Z'),
  ('prospect-37', 'PT Sumber Utama Karya', 'Industrial/product supply / project services', 'Surabaya', 'https://sumberutamakarya.com/contact-us/', 'cs@sumberutamakarya.com', '08113115656 / 031-99859679', null, 'https://sumberutamakarya.com/contact-us/', 'A', 'High', 'Official contact page reachable; lists email, WhatsApp, phone.', 'Contact page simple; opportunity for clearer work experience and product pages.', 'Project/service portfolio landing + inquiry CTA.', 'sales-2', 'New', 'Email', null, '2026-07-02T00:00:00.000Z', 'Good because WhatsApp public.', '2026-07-03T00:00:00.000Z', '2026-07-03T00:00:00.000Z'),
  ('prospect-38', 'PT Java Volcano Rendezvous', 'Tour operator / East Java travel', 'Bondowoso, East Java', 'https://javavolcano-touroperator.com/contact', 'hello@javavolcano-touroperator.com', '+62 822-4478-8833', null, 'https://javavolcano-touroperator.com/contact', 'A', 'High', 'Official contact page reachable; copyright 2015-2026; lists WhatsApp and email.', 'Good active signal, but could improve premium tour landing/booking CTA.', 'Premium travel landing + booking/inquiry CTA.', 'sales-3', 'New', 'Email', null, null, 'Different niche; high visual potential.', '2026-07-03T00:00:00.000Z', '2026-07-03T00:00:00.000Z'),
  ('prospect-39', 'PT Golden Ocean International', 'Freight forwarding / logistics', 'Surabaya', 'https://golden-oceans.com/contact-us/', 'general@golden-oceans.com', '+62 85130402010 / 031-5354282 / 031-5354239', null, 'https://golden-oceans.com/contact-us/', 'A', 'High', 'Official contact page reachable; lists office, phone, fax and email.', 'Copyright 2015; old layout; logistics lead-gen could be stronger.', 'Freight forwarding company profile refresh + request quote CTA.', 'sales-4', 'New', 'Email', null, null, 'Strong fit for company profile redesign.', '2026-07-03T00:00:00.000Z', '2026-07-03T00:00:00.000Z'),
  ('prospect-40', 'PT Karangpilang Agung', 'Sawdust briquette charcoal manufacturing / export', 'Surabaya', 'https://ptkarangpilangagung.blogspot.com/', 'karangpilangagung@gmail.com', '+62 878-8533-5577', null, 'https://ptkarangpilangagung.blogspot.com/', 'A', 'High', 'Blogger site has recent post Jan 11 2026, company profile Oct 2024, export-related posts, contact info.', 'Powered by Blogger, old template, but business/export story is active and strong.', 'Export manufacturer landing page + product/spec + buyer inquiry CTA.', 'sales-2', 'New', 'Email', null, '2026-07-05T00:00:00.000Z', 'Very strong prospect; active + old website.', '2026-07-03T00:00:00.000Z', '2026-07-03T00:00:00.000Z'),
  ('prospect-41', 'PT Hebsa Indonesia', 'Architecture / interior / urban design', 'Jakarta & Surabaya', 'https://hebsaindonesia.com/contact.html', 'info@hebsaindonesia.com', '+62 21 8354456', null, 'https://hebsaindonesia.com/contact.html', 'A', 'Medium', 'Official contact page reachable; lists offices, phone/fax, email; copyright 2015.', 'Copyright 2015, static .html, old portfolio UI.', 'Architecture portfolio refresh + project showcase.', 'sales-3', 'New', 'Email', '2026-07-03T00:00:00.000Z', null, 'Need confirm active by social/project before high effort.', '2026-07-03T00:00:00.000Z', '2026-07-03T00:00:00.000Z'),
  ('prospect-42', 'PT Natural Joy Foods', 'Food manufacturing / healthy snacks', 'Surabaya', 'https://www.naturaljoy.id/', null, '+62 31 5650005 / +62 878-5955-1833 / +62 813-3068-2690', null, 'https://www.naturaljoy.id/', 'A', 'High', 'Official site reachable; copyright 2015-2025; lists marketing office and phone numbers.', 'Contact form and older copyright range; can improve modern brand storytelling.', 'Food brand/company profile refresh + distributor inquiry CTA.', 'sales-4', 'New', 'Phone', null, null, 'Need manual email lookup.', '2026-07-03T00:00:00.000Z', '2026-07-03T00:00:00.000Z'),
  ('prospect-43', 'PT Agro Raya Corp', 'Agro commodity / trading', 'Surabaya', 'https://agro-raya.com/contact-us/', 'info@agro-raya.com', '+62 8121779980 / +62 81242000567', null, 'https://agro-raya.com/contact-us/', 'A', 'High', 'Official contact page reachable; lists address, phone, working hours, website and email.', 'Basic contact; commodity/trading site can improve trust and export/inquiry flow.', 'Agro trading landing + product/export inquiry CTA.', 'sales-2', 'New', 'Email', null, '2026-07-03T00:00:00.000Z', 'Good trading/export angle.', '2026-07-03T00:00:00.000Z', '2026-07-03T00:00:00.000Z'),
  ('prospect-44', 'PT Sinertek Niaga Indonesia', 'Electrical / automation supplier', 'Gedangan, Sidoarjo', 'https://www.sinertekniaga.com/contact', 'sales@sinertekniaga.com', '031-8015304 / 0817-816-865', null, 'https://www.sinertekniaga.com/contact', 'A', 'High', 'Official contact page reachable; lists phone, WhatsApp-like mobile, email, address; copyright 2021.', 'Copyright 2021; basic supplier contact UI; product category pages can be stronger.', 'Automation supplier profile + product catalog + inquiry CTA.', 'sales-3', 'New', 'Email', null, null, 'Good industrial target.', '2026-07-03T00:00:00.000Z', '2026-07-03T00:00:00.000Z'),
  ('prospect-45', 'PT Pelindo Husada Citra', 'Healthcare / hospital group', 'Surabaya', 'https://event.phc.co.id/undian', 'corporate.secretary@rsphc.co.id', '031-3294801-03', null, 'https://event.phc.co.id/undian', 'B', 'High', 'Official event page reachable; lists contact email, phone, website; copyright 2019.', 'Event subdomain/page looks old; not necessarily main site.', 'Event/landing page UX or corporate service pages.', 'sales-4', 'New', 'Email', null, null, 'Do not use as first cold target unless offering microsite.', '2026-07-03T00:00:00.000Z', '2026-07-03T00:00:00.000Z'),
  ('prospect-46', 'PT Additon Karya Sembada', 'Concrete hardener / construction materials', 'Surabaya / Pasuruan', 'https://additon.co.id/', null, '031-5662090 / 031-5662091 / 0822-3465-0982 / 0812-1670-6328', null, 'https://additon.co.id/', 'A', 'High', 'Official site reachable; lists head office, retail/marketing office, factory, phones and customer care.', 'Copyright 2020; ecommerce marketplace buttons; product inquiry flow could be improved.', 'Construction material product landing + distributor/agent CTA.', 'sales-2', 'New', 'Phone', '2026-06-28T00:00:00.000Z', '2026-07-01T00:00:00.000Z', 'Need email manual check.', '2026-07-03T00:00:00.000Z', '2026-07-03T00:00:00.000Z'),
  ('prospect-47', 'PT Aquamarine Divindo Inspection', 'Offshore inspection / marine services', 'Sidoarjo / Batam', 'https://www.aquamarine.id/doc/240301_-_01_-_Aquamarine_Divindo_Inspection_Company_Profile_2024.pdf', 'inspection@aquamarine.id, batam@aquamarine.id', '+62 31 8690099 / +62 31 8690078 / +62 31 8690079', null, 'https://www.aquamarine.id/doc/240301_-_01_-_Aquamarine_Divindo_Inspection_Company_Profile_2024.pdf', 'B', 'High', 'Company profile PDF 2024 accessible; lists phones, fax and emails.', 'Relies on PDF profile; opportunity to convert company profile PDF into web landing.', 'PDF-to-web premium company profile landing.', 'sales-3', 'New', 'Email', null, null, 'Good PDF-to-website pitch.', '2026-07-03T00:00:00.000Z', '2026-07-03T00:00:00.000Z'),
  ('prospect-48', 'PT Armada Cakrawala Esa', 'Shipping agency / ship operator / tug & barge', 'Surabaya', 'https://acemaritime.co.id/contact-us/', null, '031-3557115', null, 'https://acemaritime.co.id/contact-us/', 'A', 'High', 'Official contact page reachable; lists HQ, phone, services, branch offices; copyright 2024.', 'Contact lacks visible email; page can improve lead capture and CTA clarity.', 'Marine/shipping service landing + request quotation CTA.', 'sales-4', 'New', 'Phone', null, null, 'Need email manual check.', '2026-07-03T00:00:00.000Z', '2026-07-03T00:00:00.000Z'),
  ('prospect-49', 'PT Sahabat Ana Grup', 'Steel/material supplier', 'Surabaya', 'https://sahabatanagrup.co.id/contact/', 'cs@jualbesi.com', '031-99160994', null, 'https://sahabatanagrup.co.id/contact/', 'A', 'High', 'Official contact page reachable; lists phone, email, location and contact form.', 'Copyright 2019; material supplier site can improve product/catalog UX.', 'Steel/material supplier landing + product inquiry / WhatsApp CTA.', 'sales-2', 'New', 'Email', null, '2026-07-04T00:00:00.000Z', 'Good B2B supplier.', '2026-07-03T00:00:00.000Z', '2026-07-03T00:00:00.000Z'),
  ('prospect-50', 'PT Selaras Karunia Sejahtera', 'Construction / project services', 'Surabaya', 'https://www.sks-indonesia.com/project/18', 'office@sks-indonesia.com', '+62 31 7325560', null, 'https://www.sks-indonesia.com/project/18', 'A', 'High', 'Project page reachable; lists company contact, phone, email; copyright 2019.', 'Project pages old/basic; portfolio can be modernized.', 'Contractor project gallery redesign + lead form.', 'sales-3', 'New', 'Email', null, null, 'Good project-showcase pitch.', '2026-07-03T00:00:00.000Z', '2026-07-03T00:00:00.000Z'),
  ('prospect-51', 'PT Empat Beruang Perkasa', 'Digital solution / IT', 'Sidoarjo / Surabaya', 'https://ebp.co.id/?lang=en', 'sales@ebp.co.id', '+62 31 8483355', null, 'https://ebp.co.id/?lang=en', 'B', 'High', 'Official site reachable; lists clients, phone, sales email.', 'Already digital agency; not priority for web redesign outreach.', 'Collaboration/white-label, not redesign.', 'sales-4', 'New', 'Email', '2026-07-03T00:00:00.000Z', null, 'Potential partner, not client.', '2026-07-03T00:00:00.000Z', '2026-07-03T00:00:00.000Z'),
  ('prospect-52', 'PT TWF / pttwf.com', 'Shipping / logistics', 'Gresik & Jakarta', 'https://pttwf.com/hubungi-kami/', 'cs.gresik@pttwf.com, cs.jakarta@pttwf.com', '+62 31 51168172 / +62 21 38815061', null, 'https://pttwf.com/hubungi-kami/', 'B', 'High', 'Official contact page reachable; lists Gresik and Jakarta office contacts.', 'Contact info clear; need visual audit to confirm redesign potential.', 'Logistics profile/branch inquiry UX.', 'sales-2', 'New', 'Email', null, '2026-07-02T00:00:00.000Z', 'Company full name should be verified before outreach.', '2026-07-03T00:00:00.000Z', '2026-07-03T00:00:00.000Z'),
  ('prospect-53', 'PT Rava Athaya', 'Contractor / supplier', 'Surabaya & Kendari', 'https://ptravaathaya.co.id/', 'info@ravaathaya.co.id', '031-7510150', null, 'https://ptravaathaya.co.id/', 'A', 'High', 'Official site reachable; lists head office, branch office, contact email and phone; copyright 2019.', 'Older corporate template; opportunity for sharper project/service sections.', 'Corporate profile redesign + project/trust section.', 'sales-3', 'New', 'Email', null, null, 'Good B2B profile candidate.', '2026-07-03T00:00:00.000Z', '2026-07-03T00:00:00.000Z'),
  ('prospect-54', 'PT Pana Oil Indonesia', 'Lubricants / manufacturing', 'Indonesia; dealer page Sidoarjo', 'https://panaoil.id/bengkel-motor-panaoil/sidoarjo/', 'info@panaoil.id', '021-22662228 / WA +62 82233334138', null, 'https://panaoil.id/bengkel-motor-panaoil/sidoarjo/', 'B', 'High', 'Official site reachable; page published 2024; lists head office, customer care WA, email.', 'Dealer pages could be optimized; not necessarily company-profile redesign.', 'Dealer locator/landing UX audit.', 'sales-4', 'New', 'Email', null, null, 'Bigger brand, lower priority.', '2026-07-03T00:00:00.000Z', '2026-07-03T00:00:00.000Z'),
  ('prospect-55', 'PT Ekadharma International Tbk', 'Adhesive tape / packaging materials', 'Tangerang; has East Java distributor locations', 'https://ekadharma.com/distributor-location/', null, '021-5900160 / 021-5883092', null, 'https://ekadharma.com/distributor-location/', 'B', 'High', 'Official distributor page reachable; copyright 2024; lists headquarter/factory/marketing phones.', 'Already corporate; opportunity around distributor locator UX.', 'Distributor locator and branch landing optimization.', 'sales-2', 'New', 'Phone', null, '2026-07-05T00:00:00.000Z', 'Needs email manual check.', '2026-07-03T00:00:00.000Z', '2026-07-03T00:00:00.000Z'),
  ('prospect-56', 'PT Eklin', 'Industrial / trading group', 'Surabaya', 'https://eklingroup.com/home/contact', 'info@eklingroup.com', '+62 31 5672600 / +62 31 5631568 / WA +62 811309289 / WA +62 811309329', null, 'https://eklingroup.com/home/contact', 'A', 'High', 'Official contact page reachable; lists WhatsApp, phone, fax, email, head office.', 'Contact page functional; company profile/lead-gen can likely be improved.', 'Group company profile + WhatsApp inquiry CTA.', 'sales-3', 'New', 'Email', '2026-06-28T00:00:00.000Z', null, 'Good because WA public.', '2026-07-03T00:00:00.000Z', '2026-07-03T00:00:00.000Z'),
  ('prospect-57', 'PT Insan Indofarma', 'Pharmaceutical / healthcare', 'Waru, Sidoarjo', 'https://www.insanindofarma.com/karir', null, '+62 31 8532930', null, 'https://www.insanindofarma.com/karir', 'B', 'High', 'Official career page reachable; lists phone, fax, address; copyright 2021.', 'Career/contact info visible; need main-site visual audit.', 'Career/company profile page improvement.', 'sales-4', 'New', 'Phone', null, null, 'Need email manual check.', '2026-07-03T00:00:00.000Z', '2026-07-03T00:00:00.000Z'),
  ('prospect-58', 'PT Gondo Inti Persada / PSD Transport', 'Transport / logistics', 'Surabaya', 'https://www.psd-transport.co.id/', 'pa.persada@gmail.com', '031-8545435', null, 'https://www.psd-transport.co.id/', 'A', 'Medium', 'Website reachable; lists office, phone, email.', 'Porto website template; copyright 2020; older template look.', 'Transport company profile refresh + quote CTA.', 'sales-2', 'New', 'Email', null, '2026-07-03T00:00:00.000Z', 'Very good template/outdated signal.', '2026-07-03T00:00:00.000Z', '2026-07-03T00:00:00.000Z'),
  ('prospect-59', 'PT Hume Sakti Indonesia', 'Concrete / construction products', 'Indonesia', 'https://www.humesakti.com/contact%2Bus-3144-173915/', null, null, null, 'https://www.humesakti.com/contact%2Bus-3144-173915/', 'A', 'Medium', 'Website contact page reachable; company copyright 2015 shown.', 'Old contact page; copyright 2015; possible broken/slow page.', 'Corporate product profile modernization.', 'sales-3', 'New', 'WhatsApp', null, null, 'Need contact details manual before outreach.', '2026-07-03T00:00:00.000Z', '2026-07-03T00:00:00.000Z'),
  ('prospect-60', 'PT Sumber Wilis Seraya', 'Pump/industrial equipment supplier', 'Surabaya', 'https://www.sumberwilis.com/news/', null, null, null, 'https://www.sumberwilis.com/news/', 'A', 'Medium', 'Website news page reachable; copyright 2015; Surabaya reference.', 'Old copyright; ''click here to mail us'' style; dated UI.', 'Industrial equipment supplier website refresh.', 'sales-4', 'New', 'WhatsApp', null, null, 'Need email/phone before outreach.', '2026-07-03T00:00:00.000Z', '2026-07-03T00:00:00.000Z'),
  ('prospect-61', 'PT Pratama Intra Teknik Indonesia', 'Environmental / industrial representative', 'Surabaya', 'https://www.beggcousland.com/contact/representatives/asia-pacific/', 'pitisby@indosat.net.id', '+62 31 8419735', null, 'https://www.beggcousland.com/contact/representatives/asia-pacific/', 'A', 'High', 'Listed as Indonesia representative on Begg Cousland page with contact and Surabaya address.', 'Uses old ISP email; may lack own modern company profile site.', 'Build/update representative company profile + inquiry page.', 'sales-2', 'New', 'Email', '2026-07-03T00:00:00.000Z', '2026-07-01T00:00:00.000Z', 'Could be niche industrial supplier.', '2026-07-03T00:00:00.000Z', '2026-07-03T00:00:00.000Z'),
  ('prospect-62', 'PT Indonesian Marine (INDOMARINE)', 'Engineering & manufacturing', 'Gresik / Malang', 'https://indomarine.co.id/contact-us/', 'marketing@indomarine.co.id', '0812-5240-1534 / 0813-8899-1954', null, 'https://indomarine.co.id/contact-us/', 'A', 'High', 'Official contact page says engineering/manufacturing experts and lists WhatsApp/email.', 'B2B manufacturing site; audit angle: service clarity, lead capture, WhatsApp CTA, project proof.', 'Modern engineering company profile + service landing + quote CTA.', 'sales-3', 'New', 'WhatsApp', null, null, 'Good for industrial/manufacturing vertical.', '2026-07-03T00:00:00.000Z', '2026-07-03T00:00:00.000Z'),
  ('prospect-63', 'PT Aimskincare Manufacturing Indonesia', 'Cosmetics / skincare manufacturing', 'Cikarang Barat, Bekasi', 'https://aimskincare.co.id/contact/', 'info@aimskincare.co', '+62 21 2938 8999 / +62 21 2938 5999 / WA +62 811 843 8899', null, 'https://aimskincare.co.id/contact/', 'A', 'High', 'Official contact page lists factory address, phone, WhatsApp and email.', 'Can audit conversion path for OEM/private-label skincare enquiries.', 'Premium OEM manufacturing landing page + inquiry flow.', 'sales-4', 'New', 'WhatsApp', null, null, 'High-value B2B manufacturing.', '2026-07-03T00:00:00.000Z', '2026-07-03T00:00:00.000Z'),
  ('prospect-64', 'PT Digital Manufacturing Indonesia', 'Digital manufacturing / industrial tech', 'Tangerang Selatan', 'https://digital-mfg.co.id/contact-us/', 'sales.support@digital-mfg.co.id', '+62 21 531 61464/65', null, 'https://digital-mfg.co.id/contact-us/', 'A', 'High', 'Official contact page lists office, sales email, phone and fax.', 'Industrial tech site can be audited for clearer solution pages and lead forms.', 'Industrial solution landing + product/service catalog redesign.', 'sales-2', 'New', 'Email', null, '2026-07-04T00:00:00.000Z', 'Good for tech/B2B angle.', '2026-07-03T00:00:00.000Z', '2026-07-03T00:00:00.000Z'),
  ('prospect-65', 'PT Nippon Pillar Manufacturing Indonesia', 'Industrial seals / manufacturing', 'Tangerang Selatan', 'https://nipponpillar.co.id/contact-us/', 'sales@nipponpillar.co.id', '+62-21-7567-3363', null, 'https://nipponpillar.co.id/contact-us/', 'A', 'High', 'Official contact page lists email, phone, address, business hours.', 'B2B product-heavy site; audit product discoverability and inquiry CTA.', 'Modern product catalog + industry use-case landing pages.', 'sales-3', 'New', 'Email', null, null, 'Use respectful B2B audit.', '2026-07-03T00:00:00.000Z', '2026-07-03T00:00:00.000Z'),
  ('prospect-66', 'PT Pumarin', 'Marble / natural stone production', 'Tangerang / factory area', 'https://www.pumarin.co.id/contact-us.html', 'nicholas@pumarin.co.id', '+62 21 5314 1130 / +62 815-9706-817', null, 'https://www.pumarin.co.id/contact-us.html', 'A', 'Medium', 'Official contact page lists head office, phone, mobile, email and factory context.', 'Traditional product company; audit premium project gallery and specification pages.', 'Premium stone supplier company profile + project showcase.', 'sales-4', 'New', 'WhatsApp', '2026-06-28T00:00:00.000Z', null, 'Potential visual redesign opportunity.', '2026-07-03T00:00:00.000Z', '2026-07-03T00:00:00.000Z'),
  ('prospect-67', 'PT Arezda Purnama Loka', 'Sealing technology / engineering', 'Jakarta Barat', 'https://www.arezda.co.id/', 'info@arezda.co.id', '(62-21) 6297243', null, 'https://www.arezda.co.id/', 'A', 'Medium', 'Official website lists ISO 9001:2015 and ASME credentials plus contact details.', 'Strong certifications but likely needs clearer landing narrative and CTA.', 'Certification-led B2B company profile redesign.', 'sales-2', 'New', 'Email', null, '2026-07-02T00:00:00.000Z', 'Good trust-section demo.', '2026-07-03T00:00:00.000Z', '2026-07-03T00:00:00.000Z'),
  ('prospect-68', 'PT Jaya Obayashi', 'Construction / contractor', 'Jakarta Selatan', 'https://jayaobayashi.co.id/contact-us/', 'jayaobayashi@jayaobayashi.co.id', '021-7982223', null, 'https://jayaobayashi.co.id/contact-us/', 'A', 'High', 'Official contact page lists address, email and phone.', 'Contractor site can be audited for project portfolio, trust, CTA, and mobile.', 'Contractor portfolio landing + project case study pages.', 'sales-3', 'New', 'Email', null, null, 'Medium-big company; pitch carefully.', '2026-07-03T00:00:00.000Z', '2026-07-03T00:00:00.000Z'),
  ('prospect-69', 'PT Primaperkasa Intiswadaya', 'Industrial / product supplier', 'Jakarta', 'https://primaperkasa.co.id/id/kontak/', 'marketing@primaperkasa.com', '+62-21-5680340 / +62-21-5680366', null, 'https://primaperkasa.co.id/id/kontak/', 'A', 'Medium', 'Official contact page lists address, phone, fax and marketing email.', 'Audit language consistency, product category clarity, and CTA.', 'Distributor/product catalog redesign + inquiry CTA.', 'sales-4', 'New', 'Email', null, null, 'Good B2B distributor target.', '2026-07-03T00:00:00.000Z', '2026-07-03T00:00:00.000Z'),
  ('prospect-70', 'PT Felcro Indonesia', 'Industrial automation distributor', 'Jakarta Selatan', 'https://en.indonetwork.co.id/product/-distributor-pizzatoptfelcro-sales-felcrocoid-5673348', 'sales@felcro.co.id', '+62 21 2934 9568 / +62 818 790679', null, 'https://en.indonetwork.co.id/product/-distributor-pizzatoptfelcro-sales-felcrocoid-5673348', 'A', 'Medium', 'Indonetwork product page lists company profile, office and sales contacts.', 'Product pages are marketplace-style; opportunity for official landing/catalog upgrade.', 'Industrial automation catalog website + quote funnel.', 'sales-2', 'New', 'WhatsApp', null, '2026-07-05T00:00:00.000Z', 'Verify official website before outreach if possible.', '2026-07-03T00:00:00.000Z', '2026-07-03T00:00:00.000Z'),
  ('prospect-71', 'PT Sakata Prima Teknika', 'Industrial filtration / authorized distributor', 'Tangerang Selatan', 'https://sakataprima.co.id/clean-diesel-velcon/industrial-filtration-system/', 'sales@sakata.co.id', '(+6221)-27899410', null, 'https://sakataprima.co.id/clean-diesel-velcon/industrial-filtration-system/', 'A', 'Medium', 'Official product page lists office, phone and sales email.', 'Product page has lead opportunity; audit navigation and industry-specific landing pages.', 'Industrial distributor website + product detail UX improvement.', 'sales-3', 'New', 'Email', '2026-07-03T00:00:00.000Z', null, 'Good industrial product prospect.', '2026-07-03T00:00:00.000Z', '2026-07-03T00:00:00.000Z'),
  ('prospect-72', 'PT Alpha Analytical Indonesia', 'Laboratory equipment / service', 'Jakarta', 'https://www.indonetwork.co.id/company/alphasains', 'sales@alphasains.com, alphacare@alphasains.com', '(62) 21 2892 5077 / (62) 21 9907 0473', null, 'https://www.indonetwork.co.id/company/alphasains', 'A', 'Medium', 'Indonetwork profile lists address, sales/service emails and phone numbers.', 'Potential outdated marketplace-style profile; audit independent website/presentation.', 'Laboratory equipment catalog + service/support landing.', 'sales-4', 'New', 'Email', null, null, 'Verify website/official domain before sending.', '2026-07-03T00:00:00.000Z', '2026-07-03T00:00:00.000Z'),
  ('prospect-73', 'PT Bestenindo Lesatjaya', 'Galvanized steel products', 'Bandung / Jawa Barat', 'https://en.indonetwork.co.id/company/beleja0158', 'info@bestenindo.com, bestenindo@gmail.com, bestenindo@yahoo.com', '081510078095 / 087878363995 / 081210066895', null, 'https://en.indonetwork.co.id/company/beleja0158', 'A', 'Medium', 'Indonetwork profile lists many contacts and product categories.', 'Strong old-web signal: YM/GTalk/MSN/Skype/BB contact footprint.', 'Modern product catalog + clean contact CTA replacing outdated chat list.', 'sales-2', 'New', 'WhatsApp', null, '2026-07-03T00:00:00.000Z', 'Very strong audit candidate but verify active response first.', '2026-07-03T00:00:00.000Z', '2026-07-03T00:00:00.000Z'),
  ('prospect-74', 'PT Netway Indonesia', 'Scaffolding / crane accessories', 'Jakarta Barat', 'https://netway-indonesia.indonetwork.co.id/product/rendez-board-retaining-coupler-2970340', 'sales@netwayindonesia.com', '081-1177-8386', null, 'https://netway-indonesia.indonetwork.co.id/product/rendez-board-retaining-coupler-2970340', 'A', 'Medium', 'Indonetwork product page lists company, email, HP, and website.', 'Marketplace product page; opportunity for official B2B catalog and quote funnel.', 'Scaffolding supplier company profile + product catalog.', 'sales-3', 'New', 'WhatsApp', null, null, 'Check www.netwayindonesia.com before pitch.', '2026-07-03T00:00:00.000Z', '2026-07-03T00:00:00.000Z'),
  ('prospect-75', 'PT Kastara Megah Perkasa', 'Energy & infrastructure', 'Indonesia', 'https://www.kastaramegah.co.id/', 'marketing@kastaramegah.co.id', 'Not listed on snippet', null, 'https://www.kastaramegah.co.id/', 'A', 'Medium', 'Official site snippet lists marketing email and opening hours; footer shows 2020.', 'Website footer older; audit project proof, service clarity and CTA.', 'Energy/infrastructure company profile redesign.', 'sales-4', 'New', 'Email', null, null, 'Need phone lookup before WA.', '2026-07-03T00:00:00.000Z', '2026-07-03T00:00:00.000Z'),
  ('prospect-76', 'PT GS Battery', 'Battery manufacturing', 'Karawang / Semarang', 'https://www.gs.astra.co.id/contact-us', 'marketing@gs.astra.co.id', '(0267) 440961 / (024) 76439560', null, 'https://www.gs.astra.co.id/contact-us', 'B', 'High', 'Official contact page lists plants and emails; news page has 2025 items.', 'Already corporate-level; use as benchmark or low-priority outreach.', 'Product/plant landing audit or benchmark reference.', 'sales-2', 'New', 'Email', '2026-06-28T00:00:00.000Z', '2026-07-01T00:00:00.000Z', 'Large company; lower chance but active verified.', '2026-07-03T00:00:00.000Z', '2026-07-03T00:00:00.000Z'),
  ('prospect-77', 'PT Bless Berkarya Lestari', 'Precision tools / equipment', 'Karawang', 'https://www.blessberkaryalestari.co.id/p/about.html', 'andhika@blessberkaryalestari.co.id', '+62 267-7310-409 / +62 81.110.87355', null, 'https://www.blessberkaryalestari.co.id/p/about.html', 'A', 'High', 'Official Blogger-based site lists copyright 2026 and contact details.', 'Very strong audit signal: Blogger theme footprint and B2B tools niche.', 'Upgrade Blogger company profile to premium industrial landing page.', 'sales-3', 'New', 'WhatsApp', null, null, 'High-priority because active + old platform.', '2026-07-03T00:00:00.000Z', '2026-07-03T00:00:00.000Z'),
  ('prospect-78', 'PT Ask Technica Indonesia', 'Industrial friction manufacturing & expansion joint', 'Karawang / Cikarang', 'https://www.asktechnica.co.id/contact', 'agus.setiawan@asktechnica.co.id', '(+62 267) 431510 / (+62 21) 89831775', null, 'https://www.asktechnica.co.id/contact', 'A', 'High', 'Official contact page lists plants, sales department and copyright 2026.', 'Audit mobile/CTA and product/service explanation for industrial buyer.', 'Industrial manufacturer company profile + product inquiry UX.', 'sales-4', 'New', 'Email', null, null, 'Good target if current site looks improvable.', '2026-07-03T00:00:00.000Z', '2026-07-03T00:00:00.000Z'),
  ('prospect-79', 'PT Yamatogomu Indonesia', 'Rubber manufacturing', 'Karawang', 'https://yamatogomu.co.id/', 'SALES@YAMATOGOMU.CO.ID', '+62 0264 351216', null, 'https://yamatogomu.co.id/', 'A', 'Medium', 'Official website lists activity photos and contact details.', 'Potential basic website; audit product pages, factory credibility and contact CTA.', 'Manufacturer profile + product/process presentation.', 'sales-2', 'New', 'Email', null, '2026-07-04T00:00:00.000Z', 'Use uppercase email exactly as listed or lowercase equivalent.', '2026-07-03T00:00:00.000Z', '2026-07-03T00:00:00.000Z'),
  ('prospect-80', 'PT Tochu Indonesia', 'Industrial manufacturing', 'Karawang', 'https://tochuindonesia.co.id/index.php/about-us/', 'marketing@tochuindonesia.co.id', '(0267) 440820 / 22', null, 'https://tochuindonesia.co.id/index.php/about-us/', 'A', 'Medium', 'Official about page lists plants, phone and marketing email.', 'Old URL structure / index.php; audit modern navigation and conversion clarity.', 'Modern manufacturing company profile + product catalog.', 'sales-3', 'New', 'Email', null, null, 'Good technical audit angle.', '2026-07-03T00:00:00.000Z', '2026-07-03T00:00:00.000Z'),
  ('prospect-81', 'PT Mitochi Pratama Indonesia', 'LED distributor', 'Cikarang, Bekasi', 'https://www.indonetwork.co.id/product/lampu-led-5356506', 'sales@mitochi-led.com', '+6221 89117870 - 71', null, 'https://www.indonetwork.co.id/product/lampu-led-5356506', 'A', 'Medium', 'Indonetwork page lists contact details and LED product line.', 'Marketplace listing; opportunity for official product landing and catalog.', 'LED distributor catalog + quote request flow.', 'sales-4', 'New', 'Email', '2026-07-03T00:00:00.000Z', null, 'Verify official site if active.', '2026-07-03T00:00:00.000Z', '2026-07-03T00:00:00.000Z'),
  ('prospect-82', 'PT Cipta Wijaya Mandiri', 'Construction material / roof products', 'Demak, Jawa Tengah', 'https://ciptana.co.id/?page_id=12645', 'marketing@ciptana.co.id', '(62-24) 670 1000 / WA 08112901993', null, 'https://ciptana.co.id/?page_id=12645', 'A', 'High', 'Official page updated 2025 and lists phone, WA and marketing email.', 'Potential old WordPress page_id URL; audit landing clarity and product catalog UX.', 'Building material company profile + product landing pages.', 'sales-2', 'New', 'WhatsApp', null, '2026-07-02T00:00:00.000Z', 'Strong because active + old URL signal.', '2026-07-03T00:00:00.000Z', '2026-07-03T00:00:00.000Z'),
  ('prospect-83', 'PT Indo Filter Semesta', 'Industrial filter equipment', 'Tangerang', 'https://en.indonetwork.co.id/k/pengatur-kelembaban/perusahaan/1', 'sales@indofilter.com', '0811-1881234', null, 'https://en.indonetwork.co.id/k/pengatur-kelembaban/perusahaan/1', 'A', 'Medium', 'Indonetwork list shows joined 18 years and lists hotline/email.', 'Marketplace/directory listing; audit independent catalog and trust proof.', 'Industrial filter product catalog + inquiry CTA.', 'sales-3', 'New', 'WhatsApp', null, null, 'Need verify official site/domain.', '2026-07-03T00:00:00.000Z', '2026-07-03T00:00:00.000Z'),
  ('prospect-84', 'PT Indo-Rama Synthetics Tbk', 'Textile / synthetic fibers', 'Jakarta / Purwakarta', 'https://indorama.co.id/en/contact-us', 'corporate@id.indorama.com', '(021) 5261555', null, 'https://indorama.co.id/en/contact-us', 'B', 'High', 'Official contact page lists copyright 2026, corporate email and phone.', 'Already strong corporate; use as benchmark or low-priority pitch.', 'Corporate site UX benchmark / investor page audit.', 'sales-4', 'New', 'Email', null, null, 'Large Tbk; lower outreach priority.', '2026-07-03T00:00:00.000Z', '2026-07-03T00:00:00.000Z'),
  ('prospect-85', 'PT Cipta Hasil Sugiarto', 'Equipment / contractor / mining support', 'Cirebon / Sumatera Selatan', 'https://www.chas.co.id/contact-us/', 'tender@ptchas.co.id', '+62-231 480448 / WA 0812 2434 7174 / 0812 1770 0548', null, 'https://www.chas.co.id/contact-us/', 'A', 'High', 'Official page lists copyright 2025, head office, email and WhatsApp contacts.', 'Good B2B contractor/equipment candidate; audit tender/service pages and CTA.', 'Contractor/equipment company profile + tender inquiry flow.', 'sales-2', 'New', 'WhatsApp', null, '2026-07-05T00:00:00.000Z', 'High-priority active prospect.', '2026-07-03T00:00:00.000Z', '2026-07-03T00:00:00.000Z'),
  ('prospect-86', 'PT Putra Mulia Telecommunication', 'Telecommunication / IT services', 'Jakarta Selatan', 'https://www.pmt.co.id/cp/contact', 'sales@pmt.co.id', '(021) 29492253', null, 'https://www.pmt.co.id/cp/contact', 'A', 'High', 'Official contact page lists office, sales email, phone and 2026 recent posts.', 'Potential lead-gen improvement; audit service pages and cybersecurity post funnel.', 'Telecom/IT service landing + inquiry funnel.', 'sales-3', 'New', 'Email', '2026-06-28T00:00:00.000Z', null, 'Active and B2B.', '2026-07-03T00:00:00.000Z', '2026-07-03T00:00:00.000Z'),
  ('prospect-87', 'PT Amalgamated Consulting Indonesia', 'Consulting / professional services', 'Jakarta', 'https://amalgamated.co.id/contact-us/', 'info@amalgamated.co.id', '+62 21 574 1177', null, 'https://amalgamated.co.id/contact-us/', 'B', 'High', 'Official contact page lists office, email and phone.', 'Professional service site; audit expertise pages and conversion CTA.', 'Consulting profile refresh + service landing pages.', 'sales-4', 'New', 'Email', null, null, 'Likely already polished; use lower priority.', '2026-07-03T00:00:00.000Z', '2026-07-03T00:00:00.000Z'),
  ('prospect-88', 'PT PML', 'Business process outsourcing', 'Bandung', 'https://www.ptpml.co.id/contact-us/', 'info@ptpml.co.id', 'WA +62 822 1743 1212 / (022) 87515109', null, 'https://www.ptpml.co.id/contact-us/', 'A', 'High', 'Official contact page lists WhatsApp, phone, email and BPO positioning.', 'BPO site can be audited for offer clarity and trust/case-study sections.', 'BPO company profile + conversion landing page.', 'sales-2', 'New', 'WhatsApp', null, '2026-07-03T00:00:00.000Z', 'Good service-business target.', '2026-07-03T00:00:00.000Z', '2026-07-03T00:00:00.000Z'),
  ('prospect-89', 'PT Trimitra Baterai Prakasa', 'Battery manufacturing', 'Indonesia', 'https://trimitra-baterai.co.id/contact-us-domestic/', 'ella@trimitra-baterai.co.id, tino@trimitra-baterai.co.id, linawatylutama@trimitra-baterai.co.id', 'Not listed on snippet', null, 'https://trimitra-baterai.co.id/contact-us-domestic/', 'A', 'High', 'Official domestic contact page updated 2025 and lists representative emails.', 'Manufacturer with multiple contact routes; audit product pages and lead routing.', 'Battery product catalog + domestic/export inquiry UX.', 'sales-3', 'New', 'Email', null, null, 'High active signal.', '2026-07-03T00:00:00.000Z', '2026-07-03T00:00:00.000Z'),
  ('prospect-90', 'PT Pyramida Kimia Semesta', 'Chemical distribution', 'Tangerang Selatan', 'https://www.pyramida.co.id/', 'sales@pyramida.co.id', 'WA 62 821 2545 4887 / (021) 75 880 205', null, 'https://www.pyramida.co.id/', 'A', 'High', 'Official site shows copyright 2024-2026, address, WA, phone and email.', 'Chemical distributor site; audit product detail, compliance/trust, CTA.', 'Chemical distributor catalog + quote request landing.', 'sales-4', 'New', 'WhatsApp', null, null, 'Strong B2B prospect.', '2026-07-03T00:00:00.000Z', '2026-07-03T00:00:00.000Z'),
  ('prospect-91', 'PT Adiwarna Anugerah Abadi Tbk', 'Fire/security system / engineering', 'Tangerang', 'https://www.adiwarna.co.id/en/contact-us/', 'sales@adiwarna.co.id', '+62 21 2902 0216', null, 'https://www.adiwarna.co.id/en/contact-us/', 'A', 'High', 'Official contact page lists sales email, phone and copyright 2026.', 'Already active; audit event/news-to-lead flow and solution pages.', 'Engineering solution website audit + CTA optimization.', 'sales-2', 'New', 'Email', '2026-07-03T00:00:00.000Z', '2026-07-01T00:00:00.000Z', 'Tbk; lower conversion but active.', '2026-07-03T00:00:00.000Z', '2026-07-03T00:00:00.000Z'),
  ('prospect-92', 'PT Arya Jaya', 'Industrial service / engineering', 'Bandung', 'https://aryajaya.co.id/contact/', 'sales@aryajaya.co.id', '(022) 7322343', null, 'https://aryajaya.co.id/contact/', 'A', 'High', 'Official contact page published 2025 and lists sales email and phone.', 'Good B2B service target; audit service copy and lead CTA.', 'Industrial service company profile refresh.', 'sales-3', 'New', 'Email', null, null, 'Active and reachable.', '2026-07-03T00:00:00.000Z', '2026-07-03T00:00:00.000Z'),
  ('prospect-93', 'PT Frisindo Mitra Usaha', 'Machine tools / cutting tools', 'Jakarta', 'https://frisindo.co.id/contact/', 'office@frisindo.co.id', '+62 21 468 338 55', null, 'https://frisindo.co.id/contact/', 'A', 'High', 'Official contact page lists address, phone, fax, email and copyright 2025.', 'Product/services site; audit catalog navigation and quote CTA.', 'Machine tools supplier website redesign + product catalog.', 'sales-4', 'New', 'Email', null, null, 'Good B2B distributor.', '2026-07-03T00:00:00.000Z', '2026-07-03T00:00:00.000Z'),
  ('prospect-94', 'PT Krakatau Semen Indonesia', 'Cement manufacturing', 'Cilegon', 'https://krakatausemenindonesia.co.id/kontak', 'krakatausemenindonesia@sig.id', '622547960092', null, 'https://krakatausemenindonesia.co.id/kontak', 'B', 'High', 'Official contact page lists copyright 2026, email and phone.', 'Large industrial site; use for benchmark or audit if site has weak visuals.', 'Industrial company profile UX audit.', 'sales-2', 'New', 'Email', null, '2026-07-04T00:00:00.000Z', 'Large firm; lower priority for small freelance pitch.', '2026-07-03T00:00:00.000Z', '2026-07-03T00:00:00.000Z'),
  ('prospect-95', 'PT Abi Darma Sejahtra', 'Construction / MEP / heavy equipment rental', 'Karawang', 'https://www.abidarmasejahtra.co.id/2026/01/rehabilitasi-atap-pabrik-karawang.html', 'abidarmasejahtra@gmail.com', '+62 817-1742-4243 / +62 81282146125', null, 'https://www.abidarmasejahtra.co.id/2026/01/rehabilitasi-atap-pabrik-karawang.html', 'A', 'High', '2026 blog/article page lists construction services, phone, email and website.', 'Very good audit target: Blogger/content style likely can be modernized into professional contractor profile.', 'Contractor company profile + project showcase + WA CTA.', 'sales-3', 'New', 'WhatsApp', null, null, 'High-priority SME/contractor.', '2026-07-03T00:00:00.000Z', '2026-07-03T00:00:00.000Z'),
  ('prospect-96', 'PT Karunia Indah Delapan Express', 'Logistics / courier', 'Surabaya / Jakarta', 'https://ki8.co.id/contact', null, '031-5355530 / 5317296 / 021-6910061 / WA 082232900900', null, 'https://ki8.co.id/contact', 'A', 'High', 'Official contact page lists copyright 2026, head office, hotline and complaint WA.', 'Potential issue: page typo “Adderss”; audit brand trust and mobile CTA.', 'Logistics company profile + tracking/contact UX improvement.', 'sales-4', 'New', 'WhatsApp', '2026-06-28T00:00:00.000Z', null, 'Email is protected; use website form/WA.', '2026-07-03T00:00:00.000Z', '2026-07-03T00:00:00.000Z'),
  ('prospect-97', 'PT Binabakti Niagaperkasa / PT Binabakti Mitragemilang', 'Trading / branch operations', 'Jakarta / Surabaya', 'https://binabakti.co.id/contact-us/', 'contact@binabakti.co.id, ms_bbakti_sby@yahoo.com', '+62 21 2600 990-992 / +62 31 8432278', null, 'https://binabakti.co.id/contact-us/', 'A', 'Medium', 'Official contact page lists head office and Surabaya branch contacts.', 'Audit brand consistency and branch/contact UX.', 'Distributor/trading company profile refresh + branch contact UX.', 'sales-2', 'New', 'Email', null, '2026-07-02T00:00:00.000Z', 'Good branch-office target.', '2026-07-03T00:00:00.000Z', '2026-07-03T00:00:00.000Z'),
  ('prospect-98', 'PT Rekajasa Asyatama', 'Industrial supply / engineering', 'Cilegon / Surabaya / Palembang', 'https://rekajasa.co.id/contact-us', 'sales@rekajasa.co.id', '+62 254 386060 / 081315283045', null, 'https://rekajasa.co.id/contact-us', 'A', 'High', 'Official contact page lists multiple offices, sales email and copyright 2026 on pages.', 'Product-heavy site; audit product detail pages and inquiry CTA.', 'Industrial product catalog + quote CTA.', 'sales-3', 'New', 'Email', null, null, 'Good B2B product/service target.', '2026-07-03T00:00:00.000Z', '2026-07-03T00:00:00.000Z'),
  ('prospect-99', 'PT Sumbermitra Agungjaya', 'Office / IT / training or branch services', 'Semarang / Yogyakarta', 'https://summit.co.id/semarang/', 'semarang.office@summit.co.id, margareta.sundarto@summit.co.id', '62-24-7621989 / 62-274-484125', null, 'https://summit.co.id/semarang/', 'A', 'High', 'Official pages list branch phone/email and copyright 2026.', 'Audit branch pages and clearer service/lead capture.', 'Multi-branch service landing and contact routing.', 'sales-4', 'New', 'Email', null, null, 'Needs verification of exact business offering before pitch.', '2026-07-03T00:00:00.000Z', '2026-07-03T00:00:00.000Z'),
  ('prospect-100', 'PT Tata Motors Indonesia', 'Automotive / commercial vehicles', 'Jakarta Selatan', 'https://tatamotors.co.id/customer-care/service/network/contact-us/', 'info@tatamotors.co.id, customercare@tatamotors.co.id, partshelpline@tatamotors.co.id', '+62-21-2932 8041', null, 'https://tatamotors.co.id/customer-care/service/network/contact-us/', 'B', 'High', 'Official contact page lists office, emails and phone.', 'Large active company; mostly benchmark not primary SME outreach.', 'Dealer/service contact UX benchmark.', 'sales-2', 'New', 'Email', null, '2026-07-05T00:00:00.000Z', 'Large firm; low conversion for cold pitch.', '2026-07-03T00:00:00.000Z', '2026-07-03T00:00:00.000Z'),
  ('prospect-101', 'PT Catur Jaya Anugerah', 'BRC fence / building materials', 'Sidoarjo', 'https://en.indonetwork.co.id/product/aksesoris-pagar-brc-6920569', 'caturjayaatap@yahoo.com', '(031)99037054 / 081235952384 / 082338065412', null, 'https://en.indonetwork.co.id/product/aksesoris-pagar-brc-6920569', 'A', 'Medium', 'Indonetwork product page lists company, phones/WA and email.', 'Marketplace-only feel; opportunity for official catalog and project/gallery site.', 'Building material supplier website + WhatsApp quote CTA.', 'sales-3', 'New', 'WhatsApp', '2026-07-03T00:00:00.000Z', null, 'Good local East Java prospect.', '2026-07-03T00:00:00.000Z', '2026-07-03T00:00:00.000Z'),
  ('prospect-102', 'PT Multi Flashindo Karisma', 'Consumer appliance / product distribution', 'Jakarta / Surabaya / Bali', 'https://mfk.co.id/contact-us/', null, '+62 811-1210-6803', null, 'https://mfk.co.id/contact-us/', 'A', 'High', 'Official contact page updated 2026 and lists WhatsApp/customer support.', 'Audit catalog/brand site, WhatsApp CTA and branch contact flow.', 'Product distributor landing + customer support/contact UX.', 'sales-4', 'New', 'WhatsApp', null, null, 'Need email lookup before email outreach.', '2026-07-03T00:00:00.000Z', '2026-07-03T00:00:00.000Z'),
  ('prospect-103', 'PT Waterpedia Rejeki Langit', 'Water treatment / biotech product', 'Indonesia', 'https://waterpedia.co.id/biocleaner/', 'info@waterpedia.co.id', 'WA +6282-139-125-256', null, 'https://waterpedia.co.id/biocleaner/', 'A', 'Medium', 'Product page lists ordering via WA/email for PT Waterpedia Rejeki Langit.', 'Product article can be upgraded to clearer landing page and sales funnel.', 'Water treatment product landing page + CTA optimization.', 'sales-2', 'New', 'WhatsApp', null, '2026-07-03T00:00:00.000Z', 'Good small-product landing candidate.', '2026-07-03T00:00:00.000Z', '2026-07-03T00:00:00.000Z'),
  ('prospect-104', 'PT Berca Carrier Indonesia', 'HVAC / Carrier systems', 'Jakarta Pusat', 'https://www.carrier.co.id/id/contact-us', null, '(+62) 21 2664 5888 / service (+62) 21 2664 5588', null, 'https://www.carrier.co.id/id/contact-us', 'B', 'High', 'Official Carrier Indonesia contact page lists head office and service center phones.', 'Large brand; use as benchmark or partner/dealer page audit.', 'HVAC service/contact UX benchmark.', 'sales-3', 'New', 'Phone', null, null, 'Large company; not first-priority.', '2026-07-03T00:00:00.000Z', '2026-07-03T00:00:00.000Z'),
  ('prospect-105', 'PT Integra Inovasi Indonesia', 'Technology / system integration', 'Yogyakarta', 'https://www.integraindonesia.co.id/contact-us/', 'info@integraindonesia.co.id', '0274 5304851 / WA 0812-2790-1212 / 0812-4999-1199 / marketing +62 856-4340-4499', null, 'https://www.integraindonesia.co.id/contact-us/', 'A', 'High', 'Official contact page updated 2024 lists phone, WA, email and marketing contact.', 'IT/service site; audit offer clarity, demo CTA and lead capture.', 'Tech company landing + service package pages.', 'sales-4', 'New', 'WhatsApp', null, null, 'Good tech/service prospect.', '2026-07-03T00:00:00.000Z', '2026-07-03T00:00:00.000Z'),
  ('prospect-106', 'PT Pipa PE Indonesia', 'HDPE pipe supplier & contractor', 'Indonesia', 'https://pipa_pe.indonetwork.co.id/', 'info@infratek.tk', '062 21 945 72 102 / 062 857 115 333 84', null, 'https://pipa_pe.indonetwork.co.id/', 'A', 'Medium', 'Indonetwork company page lists experience since 1999 and public contacts.', 'Directory-style listing; opportunity for modern contractor/supplier profile.', 'HDPE pipe contractor landing + project/service pages.', 'sales-2', 'New', 'Email', '2026-06-28T00:00:00.000Z', '2026-07-01T00:00:00.000Z', 'Email domain is not company-branded; verify first.', '2026-07-03T00:00:00.000Z', '2026-07-03T00:00:00.000Z'),
  ('prospect-107', 'PT Dycom Engineering', 'Industrial automation / hydraulic & pneumatic', 'Jakarta Barat', 'https://dycom.indonetwork.co.id/product/nittoh-up45sv-electro-hydraulic-pumps-6008408', 'sales@dycom.co.id', '021-56978889', null, 'https://dycom.indonetwork.co.id/product/nittoh-up45sv-electro-hydraulic-pumps-6008408', 'A', 'Medium', 'Indonetwork product/company pages list phone and sales email.', 'Marketplace-style product pages; audit official catalog and quote funnel.', 'Industrial automation catalog + product detail UX.', 'sales-3', 'New', 'Email', null, null, 'Strong industrial distributor target.', '2026-07-03T00:00:00.000Z', '2026-07-03T00:00:00.000Z'),
  ('prospect-108', 'PT Pfizer Indonesia', 'Pharmaceutical', 'Jakarta', 'https://www.pfizer.co.id/contacts', null, '+62-21-8086 1400', null, 'https://www.pfizer.co.id/contacts', 'B', 'High', 'Official contact page lists office and phone.', 'Large corporate; not ideal for cold redesign, but active verified.', 'Do not pitch generic redesign; use as benchmark only.', 'sales-4', 'New', 'WhatsApp', null, null, 'Excluded from primary outreach unless referral.', '2026-07-03T00:00:00.000Z', '2026-07-03T00:00:00.000Z'),
  ('prospect-109', 'PT Humpuss Maritim Internasional Tbk', 'Maritime / shipping', 'Jakarta', 'https://humi.co.id/promoting-business-sustainability-humi-prepares-esg-roadmap-2025-2029-towards-becoming-an-esg-leader/', 'corpsec@humi.co.id', 'Not listed on snippet', null, 'https://humi.co.id/promoting-business-sustainability-humi-prepares-esg-roadmap-2025-2029-towards-becoming-an-esg-leader/', 'B', 'High', '2025 article lists corporate secretary email and ESG roadmap.', 'Tbk with active news; use as benchmark, not first outreach.', 'Corporate/investor/news UX audit.', 'sales-2', 'New', 'Email', null, '2026-07-04T00:00:00.000Z', 'Large public company.', '2026-07-03T00:00:00.000Z', '2026-07-03T00:00:00.000Z'),
  ('prospect-110', 'PT Picotel Nusantara', 'Network infrastructure / telecom services', 'Depok', 'https://picotel.co.id/contact-us/', 'marketing@picotel.co.id', '021-87721789', null, 'https://picotel.co.id/contact-us/', 'A', 'High', 'Official contact page lists email, phone and copyright 2025.', 'B2B telecom site; audit service pages and lead form/demo CTA.', 'Network infrastructure company profile + service landing.', 'sales-3', 'New', 'Email', null, null, 'Good B2B service target.', '2026-07-03T00:00:00.000Z', '2026-07-03T00:00:00.000Z'),
  ('prospect-111', 'PT Pemindo', 'IT / showroom / technology', 'Jakarta Barat', 'https://pemindo.co.id/contact-us/', 'pr@pemindo.co.id, corsec@pemmz.com', '(021) 5697-3669', null, 'https://pemindo.co.id/contact-us/', 'B', 'High', 'Official contact page lists phone, address and email; copyright 2025.', 'May be more retail/B2C; audit contact and product/service pages.', 'Tech showroom/service landing page.', 'sales-4', 'New', 'Email', '2026-07-03T00:00:00.000Z', null, 'Not core B2B but reachable.', '2026-07-03T00:00:00.000Z', '2026-07-03T00:00:00.000Z'),
  ('prospect-112', 'PT Jetour Motor Indonesia', 'Automotive', 'Jakarta', 'https://jetour.co.id/id/contact-us', 'Info@jetourmotor.id', '0800-1-575757', null, 'https://jetour.co.id/id/contact-us', 'B', 'High', 'Official contact page lists phone, email and copyright 2026.', 'Large brand; benchmark/contact UX only.', 'Automotive contact UX benchmark.', 'sales-2', 'New', 'Email', null, '2026-07-02T00:00:00.000Z', 'Large company; low priority.', '2026-07-03T00:00:00.000Z', '2026-07-03T00:00:00.000Z'),
  ('prospect-113', 'PT Mega Kapuas Multiniaga', 'Building material distribution', 'Jakarta', 'https://megakapuas.indonetwork.co.id/', null, '64701809 / 08128099077', null, 'https://megakapuas.indonetwork.co.id/', 'A', 'Medium', 'Indonetwork profile says company has more than 10 years experience distributing building materials.', 'Directory/profile listing; strong opportunity for official company profile/catalog.', 'Building material distributor website + WA quote CTA.', 'sales-3', 'New', 'WhatsApp', null, null, 'Need email/official site verification.', '2026-07-03T00:00:00.000Z', '2026-07-03T00:00:00.000Z'),
  ('prospect-114', 'PT Anugrah Niaga Mandiri', 'Laboratory equipment distributor', 'Jakarta Timur', 'https://www.indonetwork.co.id/product/preparat-parasitologi-5436846', null, '+62-21 8690 6782 / +62-21 8690 6783 / 0816 1337 337', null, 'https://www.indonetwork.co.id/product/preparat-parasitologi-5436846', 'A', 'Medium', 'Indonetwork product page lists official website, phone and contact names.', 'Marketplace listing; opportunity for a clean product catalog and lab equipment landing.', 'Laboratory distributor catalog + inquiry form.', 'sales-4', 'New', 'WhatsApp', null, null, 'Use website/contact form if email hidden.', '2026-07-03T00:00:00.000Z', '2026-07-03T00:00:00.000Z'),
  ('prospect-115', 'PT Berca Persada Indonesia', 'Industrial valves / regulator / Woodward/Zexel', 'Jakarta Selatan', 'https://bercapersada.indonetwork.co.id/', 'marketing@bercapersada.com', '0217873824 / 0852 11111 581', null, 'https://bercapersada.indonetwork.co.id/', 'A', 'Medium', 'Indonetwork profile lists address, phone, mobile and email.', 'Old directory-style profile; opportunity for clean official catalog + quote funnel.', 'Industrial parts supplier company profile + catalog.', 'sales-2', 'New', 'Email', null, '2026-07-05T00:00:00.000Z', 'Verify official domain before outreach.', '2026-07-03T00:00:00.000Z', '2026-07-03T00:00:00.000Z') on conflict (id) do nothing;

insert into message_templates (id, title, channel, category, content) values
  ('tpl-1', 'First Outreach WhatsApp', 'WhatsApp', 'First Outreach', 'Halo Pak/Bu, saya sempat melihat website {{company_name}}. Bisnisnya terlihat aktif dan cukup potensial. Saat saya buka lewat HP, ada beberapa bagian yang menurut saya bisa dibuat lebih mudah untuk calon klien menghubungi tim Bapak/Ibu. Saya coba buat mini audit singkat dan contoh improvement untuk halaman utamanya. Boleh saya kirimkan di sini?'),
  ('tpl-2', 'Follow Up 1', 'WhatsApp', 'Follow Up', 'Halo {{contact_person}}, ingin follow up pesan sebelumnya terkait website {{company_name}}. Apakah ada waktu singkat untuk melihat contoh improvement yang sudah saya siapkan untuk {{problem_signal}}?

Salam,
{{sales_name}}'),
  ('tpl-3', 'Follow Up 2', 'Email', 'Follow Up', 'Subject: Ide singkat untuk {{company_name}}

Halo, saya {{sales_name}} dari tim web specialist. Kami mengaudit website {{company_name}} ({{website}}) dan menemukan beberapa peluang di area {{problem_signal}}. Saya lampirkan mockup singkat untuk halaman utamanya. Boleh dijadwalkan 15 menit minggu ini untuk diskusi?'),
  ('tpl-4', 'Email Intro', 'Email', 'Intro', 'Subject: Ide {{industry}} singkat untuk {{company_name}}

Halo tim {{company_name}},

Saya {{sales_name}}. Saya baru saja melihat website {{company_name}} di {{website}} dan tertarik dengan bisnis Anda di industri {{industry}}. Saya menyiapkan mini audit gratis yang menunjukkan 3 peluang utama untuk meningkatkan enquiry dari website.

Boleh saya kirimkan ringkasannya?

Terima kasih,
{{sales_name}}'),
  ('tpl-5', 'Kirim Audit Website', 'WhatsApp', 'Audit', 'Halo, berikut saya lampirkan mini audit website {{company_name}}. Fokus utama kami adalah {{problem_signal}}. Bila berkenan, kita bisa lanjut ke tahap mockup.'),
  ('tpl-6', 'Kirim Proposal', 'Email', 'Proposal', 'Subject: Proposal redesign website {{company_name}}

Terima kasih atas waktunya. Saya lampirkan proposal redesign untuk {{company_name}}. Highlight utama: peningkatan CTA WhatsApp, optimasi mobile, dan penawaran {{offer_angle}}.'),
  ('tpl-7', 'Closing Reminder', 'WhatsApp', 'Closing', 'Halo {{contact_person}}, ingin mengingatkan proposal untuk {{company_name}}. Jika ada pertanyaan atau penyesuaian, saya siap bantu. Semoga kita bisa mulai minggu ini.') on conflict (id) do nothing;

insert into audits (id, prospect_id, problem_summary, mobile_issue, cta_issue, performance_issue, trust_issue, copywriting_issue, recommendation, audit_status, audit_file_url, mockup_url) values
  ('audit-1', 'prospect-1', 'Copyright 2015, old layout, Yahoo Messenger element, weak mobile/CTA.', true, true, true, false, true, 'Modern B2B import-export company profile + WhatsApp CTA + service pages.', 'Sent', null, null),
  ('audit-2', 'prospect-2', 'Copyright 2016-2020, typo ''marketting'', visitor counter, outdated footer elements.', false, true, false, true, false, 'Redesign contractor profile, project gallery, lead CTA, service landing pages.', 'Draft', null, null),
  ('audit-3', 'prospect-3', 'Powered by Blogger, archive-heavy layout, many SEO-stuffed product posts, weak B2B credibility.', true, true, false, false, false, 'Turn long blog/catalog into clean industrial supplier landing page + product category pages.', 'Not Started', null, null),
  ('audit-4', 'prospect-4', 'Basic WordPress/contact page; likely can improve trust, CTA, and product presentation.', false, true, true, true, false, 'Modern manufacturing profile + product/spec section + inquiry CTA.', 'Sent', null, null),
  ('audit-5', 'prospect-5', 'Older WordPress-style structure; contact is good but landing/lead-gen can be stronger.', true, true, false, false, true, 'Export-ready manufacturing landing page + market segmentation + inquiry funnels.', 'Draft', null, null),
  ('audit-6', 'prospect-6', 'Contact text spacing issue ''marketing @''; page can be more structured; CTA can be sharper.', false, true, false, true, false, 'Industrial workshop profile + service inquiry CTA + project showcase.', 'Not Started', null, null),
  ('audit-7', 'prospect-7', 'Likely basic WordPress company site; opportunity for clearer product catalog and CTA.', true, true, true, false, false, 'Distributor profile + product categories + WhatsApp quick order.', 'Sent', null, null),
  ('audit-8', 'prospect-8', 'Contact page has raw shortcode-like text; UI can be cleaned and project gallery improved.', false, true, false, true, false, 'Interior contractor portfolio redesign + before-after project case studies.', 'Draft', null, null),
  ('audit-9', 'prospect-9', 'Generic construction theme; possible mismatch footer text ''Bosa Construction Industrial''.', true, true, false, false, true, 'Trust cleanup + engineering profile + project/service lead capture.', 'Not Started', null, null),
  ('audit-10', 'prospect-10', 'Powered by Blogger, old copyright 2011, list-based client page.', false, true, true, true, false, 'Convert old Blogger profile into professional contractor portfolio.', 'Sent', null, null),
  ('audit-11', 'prospect-11', 'Proudly powered by WordPress; ecommerce-looking theme may not fit premium B2B marine supplier.', true, true, false, false, false, 'Premium marine supplier landing + product inquiry flow.', 'Draft', null, null),
  ('audit-12', 'prospect-12', 'Already credible; only minor UX/CTA opportunity.', false, true, false, true, false, 'UX audit / landing conversion, not full redesign.', 'Not Started', null, null) on conflict (id) do nothing;

insert into communications (id, prospect_id, sales_id, channel, direction, message_summary, response_summary, status_after, created_at) values
  ('comm-1', 'prospect-1', 'sales-2', 'Email', 'Inbound', 'Klien membalas dan tertarik dengan audit singkat.', 'Ingin tahu jadwal diskusi lanjutan.', 'Replied', '2026-07-03T00:00:00.000Z'),
  ('comm-2', 'prospect-6', 'sales-4', 'Email', 'Outbound', 'Mengirim pesan outreach pertama dan mini audit website.', 'Belum ada balasan.', 'Contacted', '2026-06-28T00:00:00.000Z'),
  ('comm-3', 'prospect-11', 'sales-3', 'Email', 'Outbound', 'Mengirim pesan outreach pertama dan mini audit website.', 'Belum ada balasan.', 'Contacted', '2026-07-03T00:00:00.000Z'),
  ('comm-4', 'prospect-16', 'sales-2', 'Email', 'Outbound', 'Mengirim pesan outreach pertama dan mini audit website.', 'Belum ada balasan.', 'Contacted', '2026-06-28T00:00:00.000Z'),
  ('comm-5', 'prospect-21', 'sales-4', 'Email', 'Inbound', 'Klien membalas dan tertarik dengan audit singkat.', 'Ingin tahu jadwal diskusi lanjutan.', 'Replied', '2026-07-03T00:00:00.000Z'),
  ('comm-6', 'prospect-26', 'sales-3', 'Email', 'Outbound', 'Mengirim pesan outreach pertama dan mini audit website.', 'Belum ada balasan.', 'Contacted', '2026-06-28T00:00:00.000Z'),
  ('comm-7', 'prospect-31', 'sales-2', 'Email', 'Outbound', 'Mengirim pesan outreach pertama dan mini audit website.', 'Belum ada balasan.', 'Contacted', '2026-07-03T00:00:00.000Z'),
  ('comm-8', 'prospect-36', 'sales-4', 'Email', 'Outbound', 'Mengirim pesan outreach pertama dan mini audit website.', 'Belum ada balasan.', 'Contacted', '2026-06-28T00:00:00.000Z'),
  ('comm-9', 'prospect-41', 'sales-3', 'Email', 'Inbound', 'Klien membalas dan tertarik dengan audit singkat.', 'Ingin tahu jadwal diskusi lanjutan.', 'Replied', '2026-07-03T00:00:00.000Z'),
  ('comm-10', 'prospect-46', 'sales-2', 'Phone', 'Outbound', 'Mengirim pesan outreach pertama dan mini audit website.', 'Belum ada balasan.', 'Contacted', '2026-06-28T00:00:00.000Z'),
  ('comm-11', 'prospect-51', 'sales-4', 'Email', 'Outbound', 'Mengirim pesan outreach pertama dan mini audit website.', 'Belum ada balasan.', 'Contacted', '2026-07-03T00:00:00.000Z'),
  ('comm-12', 'prospect-56', 'sales-3', 'Email', 'Outbound', 'Mengirim pesan outreach pertama dan mini audit website.', 'Belum ada balasan.', 'Contacted', '2026-06-28T00:00:00.000Z'),
  ('comm-13', 'prospect-61', 'sales-2', 'Email', 'Inbound', 'Klien membalas dan tertarik dengan audit singkat.', 'Ingin tahu jadwal diskusi lanjutan.', 'Replied', '2026-07-03T00:00:00.000Z'),
  ('comm-14', 'prospect-66', 'sales-4', 'WhatsApp', 'Outbound', 'Mengirim pesan outreach pertama dan mini audit website.', 'Belum ada balasan.', 'Contacted', '2026-06-28T00:00:00.000Z'),
  ('comm-15', 'prospect-71', 'sales-3', 'Email', 'Outbound', 'Mengirim pesan outreach pertama dan mini audit website.', 'Belum ada balasan.', 'Contacted', '2026-07-03T00:00:00.000Z'),
  ('comm-16', 'prospect-76', 'sales-2', 'Email', 'Outbound', 'Mengirim pesan outreach pertama dan mini audit website.', 'Belum ada balasan.', 'Contacted', '2026-06-28T00:00:00.000Z'),
  ('comm-17', 'prospect-81', 'sales-4', 'Email', 'Inbound', 'Klien membalas dan tertarik dengan audit singkat.', 'Ingin tahu jadwal diskusi lanjutan.', 'Replied', '2026-07-03T00:00:00.000Z'),
  ('comm-18', 'prospect-86', 'sales-3', 'Email', 'Outbound', 'Mengirim pesan outreach pertama dan mini audit website.', 'Belum ada balasan.', 'Contacted', '2026-06-28T00:00:00.000Z'),
  ('comm-19', 'prospect-91', 'sales-2', 'Email', 'Outbound', 'Mengirim pesan outreach pertama dan mini audit website.', 'Belum ada balasan.', 'Contacted', '2026-07-03T00:00:00.000Z'),
  ('comm-20', 'prospect-96', 'sales-4', 'WhatsApp', 'Outbound', 'Mengirim pesan outreach pertama dan mini audit website.', 'Belum ada balasan.', 'Contacted', '2026-06-28T00:00:00.000Z'),
  ('comm-21', 'prospect-101', 'sales-3', 'WhatsApp', 'Inbound', 'Klien membalas dan tertarik dengan audit singkat.', 'Ingin tahu jadwal diskusi lanjutan.', 'Replied', '2026-07-03T00:00:00.000Z'),
  ('comm-22', 'prospect-106', 'sales-2', 'Email', 'Outbound', 'Mengirim pesan outreach pertama dan mini audit website.', 'Belum ada balasan.', 'Contacted', '2026-06-28T00:00:00.000Z'),
  ('comm-23', 'prospect-111', 'sales-4', 'Email', 'Outbound', 'Mengirim pesan outreach pertama dan mini audit website.', 'Belum ada balasan.', 'Contacted', '2026-07-03T00:00:00.000Z') on conflict (id) do nothing;

insert into follow_ups (id, prospect_id, sales_id, follow_up_date, reason, status, notes) values
  ('fu-1', 'prospect-1', 'sales-2', '2026-07-01T00:00:00.000Z', 'Follow up setelah outreach awal', 'Done', null),
  ('fu-2', 'prospect-4', 'sales-2', '2026-07-04T00:00:00.000Z', 'Follow up setelah outreach awal', 'Pending', null),
  ('fu-3', 'prospect-7', 'sales-2', '2026-07-02T00:00:00.000Z', 'Follow up setelah outreach awal', 'Pending', null),
  ('fu-4', 'prospect-10', 'sales-2', '2026-07-05T00:00:00.000Z', 'Follow up setelah outreach awal', 'Pending', null),
  ('fu-5', 'prospect-13', 'sales-2', '2026-07-03T00:00:00.000Z', 'Follow up setelah outreach awal', 'Done', null),
  ('fu-6', 'prospect-16', 'sales-2', '2026-07-01T00:00:00.000Z', 'Follow up setelah outreach awal', 'Pending', null),
  ('fu-7', 'prospect-19', 'sales-2', '2026-07-04T00:00:00.000Z', 'Follow up setelah outreach awal', 'Pending', null),
  ('fu-8', 'prospect-22', 'sales-2', '2026-07-02T00:00:00.000Z', 'Follow up setelah outreach awal', 'Pending', null),
  ('fu-9', 'prospect-25', 'sales-2', '2026-07-05T00:00:00.000Z', 'Follow up setelah outreach awal', 'Done', null),
  ('fu-10', 'prospect-28', 'sales-2', '2026-07-03T00:00:00.000Z', 'Follow up setelah outreach awal', 'Pending', null),
  ('fu-11', 'prospect-31', 'sales-2', '2026-07-01T00:00:00.000Z', 'Follow up setelah outreach awal', 'Pending', null),
  ('fu-12', 'prospect-34', 'sales-2', '2026-07-04T00:00:00.000Z', 'Follow up setelah outreach awal', 'Pending', null),
  ('fu-13', 'prospect-37', 'sales-2', '2026-07-02T00:00:00.000Z', 'Follow up setelah outreach awal', 'Done', null),
  ('fu-14', 'prospect-40', 'sales-2', '2026-07-05T00:00:00.000Z', 'Follow up setelah outreach awal', 'Pending', null),
  ('fu-15', 'prospect-43', 'sales-2', '2026-07-03T00:00:00.000Z', 'Follow up setelah outreach awal', 'Pending', null),
  ('fu-16', 'prospect-46', 'sales-2', '2026-07-01T00:00:00.000Z', 'Follow up setelah outreach awal', 'Pending', null),
  ('fu-17', 'prospect-49', 'sales-2', '2026-07-04T00:00:00.000Z', 'Follow up setelah outreach awal', 'Done', null),
  ('fu-18', 'prospect-52', 'sales-2', '2026-07-02T00:00:00.000Z', 'Follow up setelah outreach awal', 'Pending', null),
  ('fu-19', 'prospect-55', 'sales-2', '2026-07-05T00:00:00.000Z', 'Follow up setelah outreach awal', 'Pending', null),
  ('fu-20', 'prospect-58', 'sales-2', '2026-07-03T00:00:00.000Z', 'Follow up setelah outreach awal', 'Pending', null),
  ('fu-21', 'prospect-61', 'sales-2', '2026-07-01T00:00:00.000Z', 'Follow up setelah outreach awal', 'Done', null),
  ('fu-22', 'prospect-64', 'sales-2', '2026-07-04T00:00:00.000Z', 'Follow up setelah outreach awal', 'Pending', null),
  ('fu-23', 'prospect-67', 'sales-2', '2026-07-02T00:00:00.000Z', 'Follow up setelah outreach awal', 'Pending', null),
  ('fu-24', 'prospect-70', 'sales-2', '2026-07-05T00:00:00.000Z', 'Follow up setelah outreach awal', 'Pending', null),
  ('fu-25', 'prospect-73', 'sales-2', '2026-07-03T00:00:00.000Z', 'Follow up setelah outreach awal', 'Done', null),
  ('fu-26', 'prospect-76', 'sales-2', '2026-07-01T00:00:00.000Z', 'Follow up setelah outreach awal', 'Pending', null),
  ('fu-27', 'prospect-79', 'sales-2', '2026-07-04T00:00:00.000Z', 'Follow up setelah outreach awal', 'Pending', null),
  ('fu-28', 'prospect-82', 'sales-2', '2026-07-02T00:00:00.000Z', 'Follow up setelah outreach awal', 'Pending', null),
  ('fu-29', 'prospect-85', 'sales-2', '2026-07-05T00:00:00.000Z', 'Follow up setelah outreach awal', 'Done', null),
  ('fu-30', 'prospect-88', 'sales-2', '2026-07-03T00:00:00.000Z', 'Follow up setelah outreach awal', 'Pending', null),
  ('fu-31', 'prospect-91', 'sales-2', '2026-07-01T00:00:00.000Z', 'Follow up setelah outreach awal', 'Pending', null),
  ('fu-32', 'prospect-94', 'sales-2', '2026-07-04T00:00:00.000Z', 'Follow up setelah outreach awal', 'Pending', null),
  ('fu-33', 'prospect-97', 'sales-2', '2026-07-02T00:00:00.000Z', 'Follow up setelah outreach awal', 'Done', null),
  ('fu-34', 'prospect-100', 'sales-2', '2026-07-05T00:00:00.000Z', 'Follow up setelah outreach awal', 'Pending', null),
  ('fu-35', 'prospect-103', 'sales-2', '2026-07-03T00:00:00.000Z', 'Follow up setelah outreach awal', 'Pending', null),
  ('fu-36', 'prospect-106', 'sales-2', '2026-07-01T00:00:00.000Z', 'Follow up setelah outreach awal', 'Pending', null),
  ('fu-37', 'prospect-109', 'sales-2', '2026-07-04T00:00:00.000Z', 'Follow up setelah outreach awal', 'Done', null),
  ('fu-38', 'prospect-112', 'sales-2', '2026-07-02T00:00:00.000Z', 'Follow up setelah outreach awal', 'Pending', null),
  ('fu-39', 'prospect-115', 'sales-2', '2026-07-05T00:00:00.000Z', 'Follow up setelah outreach awal', 'Pending', null) on conflict (id) do nothing;
